{
  "IcoMoonType": "selection",
  "icons": [
    {
      "icon": {
        "paths": [
          "M1024 590.444l-512-397.426-512 397.428v-162.038l512-397.426 512 397.428zM896 576v384h-256v-256h-256v256h-256v-384l384-288z"
        ],
        "tags": [
          "home",
          "house"
        ],
        "defaultCode": 59648,
        "grid": 16,
        "attrs": []
      },
      "attrs": [],
      "properties": {
        "ligatures": "home, house",
        "name": "home",
        "order": 2,
        "id": 1,
        "prevSize": 32,
        "code": 59648
      },
      "setIdx": 0,
      "setId": 1,
      "iconIdx": 0
    },
    {
      "icon": {
        "paths": [
          "M0 1024h512v-1024h-512v1024zM320 128h128v128h-128v-128zM320 384h128v128h-128v-128zM320 640h128v128h-128v-128zM64 128h128v128h-128v-128zM64 384h128v128h-128v-128zM64 640h128v128h-128v-128zM576 320h448v64h-448zM576 1024h128v-256h192v256h128v-576h-448z"
        ],
        "tags": [
          "office",
          "buildings",
          "work"
        ],
        "defaultCode": 59651,
        "grid": 16,
        "attrs": []
      },
      "attrs": [],
      "properties": {
        "ligatures": "office, buildings",
        "name": "office",
        "order": 3,
        "id": 4,
        "prevSize": 32,
        "code": 59651
      },
      "setIdx": 0,
      "setId": 1,
      "iconIdx": 3
    },
    {
      "icon": {
        "paths": [
          "M959.884 128c0.040 0.034 0.082 0.076 0.116 0.116v767.77c-0.034 0.040-0.076 0.082-0.116 0.116h-895.77c-0.040-0.034-0.082-0.076-0.114-0.116v-767.772c0.034-0.040 0.076-0.082 0.114-0.114h895.77zM960 64h-896c-35.2 0-64 28.8-64 64v768c0 35.2 28.8 64 64 64h896c35.2 0 64-28.8 64-64v-768c0-35.2-28.8-64-64-64v0z",
          "M832 288c0 53.020-42.98 96-96 96s-96-42.98-96-96 42.98-96 96-96 96 42.98 96 96z",
          "M896 832h-768v-128l224-384 256 320h64l224-192z"
        ],
        "tags": [
          "image",
          "picture",
          "photo",
          "graphic"
        ],
        "defaultCode": 59661,
        "grid": 16,
        "attrs": []
      },
      "attrs": [],
      "properties": {
        "ligatures": "image, picture",
        "name": "image",
        "order": 19,
        "id": 14,
        "prevSize": 32,
        "code": 59661
      },
      "setIdx": 0,
      "setId": 1,
      "iconIdx": 13
    },
    {
      "icon": {
        "width": 1152,
        "paths": [
          "M1088 128h-64v-64c0-35.2-28.8-64-64-64h-896c-35.2 0-64 28.8-64 64v768c0 35.2 28.8 64 64 64h64v64c0 35.2 28.8 64 64 64h896c35.2 0 64-28.8 64-64v-768c0-35.2-28.8-64-64-64zM128 192v640h-63.886c-0.040-0.034-0.082-0.076-0.114-0.116v-767.77c0.034-0.040 0.076-0.082 0.114-0.114h895.77c0.040 0.034 0.082 0.076 0.116 0.116v63.884h-768c-35.2 0-64 28.8-64 64v0zM1088 959.884c-0.034 0.040-0.076 0.082-0.116 0.116h-895.77c-0.040-0.034-0.082-0.076-0.114-0.116v-767.77c0.034-0.040 0.076-0.082 0.114-0.114h895.77c0.040 0.034 0.082 0.076 0.116 0.116v767.768z",
          "M960 352c0 53.020-42.98 96-96 96s-96-42.98-96-96 42.98-96 96-96 96 42.98 96 96z",
          "M1024 896h-768v-128l224-384 256 320h64l224-192z"
        ],
        "tags": [
          "images",
          "pictures",
          "photos",
          "graphics"
        ],
        "defaultCode": 59662,
        "grid": 16,
        "attrs": []
      },
      "attrs": [],
      "properties": {
        "ligatures": "images, pictures",
        "name": "images",
        "order": 20,
        "id": 15,
        "prevSize": 32,
        "code": 59662
      },
      "setIdx": 0,
      "setId": 1,
      "iconIdx": 14
    },
    {
      "icon": {
        "paths": [
          "M304 608c0 114.876 93.124 208 208 208s208-93.124 208-208-93.124-208-208-208-208 93.124-208 208zM960 256h-224c-16-64-32-128-96-128h-256c-64 0-80 64-96 128h-224c-35.2 0-64 28.8-64 64v576c0 35.2 28.8 64 64 64h896c35.2 0 64-28.8 64-64v-576c0-35.2-28.8-64-64-64zM512 892c-156.85 0-284-127.148-284-284 0-156.85 127.15-284 284-284 156.852 0 284 127.15 284 284 0 156.852-127.146 284-284 284zM960 448h-128v-64h128v64z"
        ],
        "tags": [
          "camera",
          "photo",
          "picture",
          "image"
        ],
        "defaultCode": 59663,
        "grid": 16,
        "attrs": []
      },
      "attrs": [],
      "properties": {
        "ligatures": "camera, photo",
        "name": "camera",
        "order": 12,
        "id": 16,
        "prevSize": 32,
        "code": 59663
      },
      "setIdx": 0,
      "setId": 1,
      "iconIdx": 15
    },
    {
      "icon": {
        "paths": [
          "M288 576h-64v448h64c17.6 0 32-14.4 32-32v-384c0-17.6-14.4-32-32-32z",
          "M736 576c-17.602 0-32 14.4-32 32v384c0 17.6 14.398 32 32 32h64v-448h-64z",
          "M1024 512c0-282.77-229.23-512-512-512s-512 229.23-512 512c0 61.412 10.83 120.29 30.656 174.848-19.478 33.206-30.656 71.87-30.656 113.152 0 112.846 83.448 206.188 192 221.716v-443.418c-31.914 4.566-61.664 15.842-87.754 32.378-5.392-26.718-8.246-54.364-8.246-82.676 0-229.75 186.25-416 416-416s416 186.25 416 416c0 28.314-2.83 55.968-8.22 82.696-26.1-16.546-55.854-27.848-87.78-32.418v443.44c108.548-15.532 192-108.874 192-221.714 0-41.274-11.178-79.934-30.648-113.138 19.828-54.566 30.648-113.452 30.648-174.866z"
        ],
        "tags": [
          "headphones",
          "headset",
          "music",
          "audio"
        ],
        "defaultCode": 59664,
        "grid": 16,
        "attrs": []
      },
      "attrs": [],
      "properties": {
        "ligatures": "headphones, headset",
        "name": "headphones",
        "order": 13,
        "id": 17,
        "prevSize": 32,
        "code": 59664
      },
      "setIdx": 0,
      "setId": 1,
      "iconIdx": 16
    },
    {
      "icon": {
        "paths": [
          "M960 0h64v736c0 88.366-100.29 160-224 160s-224-71.634-224-160c0-88.368 100.29-160 224-160 62.684 0 119.342 18.4 160 48.040v-368.040l-512 113.778v494.222c0 88.366-100.288 160-224 160s-224-71.634-224-160c0-88.368 100.288-160 224-160 62.684 0 119.342 18.4 160 48.040v-624.040l576-128z"
        ],
        "tags": [
          "music",
          "song",
          "audio",
          "sound",
          "note"
        ],
        "defaultCode": 59665,
        "grid": 16,
        "attrs": []
      },
      "attrs": [],
      "properties": {
        "ligatures": "music, song",
        "name": "music",
        "order": 4,
        "id": 18,
        "prevSize": 32,
        "code": 59665
      },
      "setIdx": 0,
      "setId": 1,
      "iconIdx": 17
    },
    {
      "icon": {
        "paths": [
          "M981.188 160.108c-143.632-20.65-302.332-32.108-469.186-32.108-166.86 0-325.556 11.458-469.194 32.108-27.53 107.726-42.808 226.75-42.808 351.892 0 125.14 15.278 244.166 42.808 351.89 143.638 20.652 302.336 32.11 469.194 32.11 166.854 0 325.552-11.458 469.186-32.11 27.532-107.724 42.812-226.75 42.812-351.89 0-125.142-15.28-244.166-42.812-351.892zM384.002 704v-384l320 192-320 192z"
        ],
        "tags": [
          "play",
          "video",
          "movie"
        ],
        "defaultCode": 59666,
        "grid": 16,
        "attrs": []
      },
      "attrs": [],
      "properties": {
        "ligatures": "play, video",
        "name": "play",
        "order": 14,
        "id": 19,
        "prevSize": 32,
        "code": 59666
      },
      "setIdx": 0,
      "setId": 1,
      "iconIdx": 18
    },
    {
      "icon": {
        "paths": [
          "M0 128v768h1024v-768h-1024zM192 832h-128v-128h128v128zM192 576h-128v-128h128v128zM192 320h-128v-128h128v128zM768 832h-512v-640h512v640zM960 832h-128v-128h128v128zM960 576h-128v-128h128v128zM960 320h-128v-128h128v128zM384 320v384l256-192z"
        ],
        "tags": [
          "film",
          "video",
          "movie",
          "tape",
          "play"
        ],
        "defaultCode": 59667,
        "grid": 16,
        "attrs": []
      },
      "attrs": [],
      "properties": {
        "ligatures": "film, video2",
        "name": "film",
        "order": 15,
        "id": 20,
        "prevSize": 32,
        "code": 59667
      },
      "setIdx": 0,
      "setId": 1,
      "iconIdx": 19
    },
    {
      "icon": {
        "paths": [
          "M384 288c0-88.366 71.634-160 160-160s160 71.634 160 160c0 88.366-71.634 160-160 160s-160-71.634-160-160zM0 288c0-88.366 71.634-160 160-160s160 71.634 160 160c0 88.366-71.634 160-160 160s-160-71.634-160-160zM768 608v-96c0-35.2-28.8-64-64-64h-640c-35.2 0-64 28.8-64 64v320c0 35.2 28.8 64 64 64h640c35.2 0 64-28.8 64-64v-96l256 160v-448l-256 160zM640 768h-512v-192h512v192z"
        ],
        "tags": [
          "video-camera",
          "video",
          "media",
          "film",
          "movie"
        ],
        "defaultCode": 59668,
        "grid": 16,
        "attrs": []
      },
      "attrs": [],
      "properties": {
        "ligatures": "video-camera, video3",
        "name": "video-camera",
        "order": 16,
        "id": 21,
        "prevSize": 32,
        "code": 59668
      },
      "setIdx": 0,
      "setId": 1,
      "iconIdx": 20
    },
    {
      "icon": {
        "paths": [
          "M864 192h-512c-88 0-160 72-160 160v512c0 88 72 160 160 160h512c88 0 160-72 160-160v-512c0-88-72-160-160-160zM416 896c-53.020 0-96-42.98-96-96s42.98-96 96-96 96 42.98 96 96-42.98 96-96 96zM416 512c-53.020 0-96-42.98-96-96s42.98-96 96-96 96 42.98 96 96-42.98 96-96 96zM608 704c-53.020 0-96-42.98-96-96s42.98-96 96-96 96 42.98 96 96-42.98 96-96 96zM800 896c-53.020 0-96-42.98-96-96s42.98-96 96-96 96 42.98 96 96-42.98 96-96 96zM800 512c-53.020 0-96-42.98-96-96s42.98-96 96-96 96 42.98 96 96-42.98 96-96 96zM828.76 128c-14.93-72.804-79.71-128-156.76-128h-512c-88 0-160 72-160 160v512c0 77.046 55.196 141.83 128 156.76v-636.76c0-35.2 28.8-64 64-64h636.76z"
        ],
        "tags": [
          "dice",
          "game",
          "chance",
          "luck",
          "random",
          "gample"
        ],
        "defaultCode": 59669,
        "grid": 16,
        "attrs": []
      },
      "attrs": [],
      "properties": {
        "ligatures": "dice, game",
        "name": "dice",
        "order": 17,
        "id": 22,
        "prevSize": 32,
        "code": 59669
      },
      "setIdx": 0,
      "setId": 1,
      "iconIdx": 21
    },
    {
      "icon": {
        "paths": [
          "M964.73 178.804c-93.902-109.45-233.21-178.804-388.73-178.804-282.77 0-512 229.23-512 512s229.23 512 512 512c155.52 0 294.828-69.356 388.728-178.804l-324.728-333.196 324.73-333.196zM704 120.602c39.432 0 71.398 31.964 71.398 71.398 0 39.432-31.966 71.398-71.398 71.398s-71.398-31.966-71.398-71.398c0-39.432 31.966-71.398 71.398-71.398z"
        ],
        "tags": [
          "pacman",
          "game",
          "arcade"
        ],
        "defaultCode": 59670,
        "grid": 16,
        "attrs": []
      },
      "attrs": [],
      "properties": {
        "ligatures": "pacman, game2",
        "name": "pacman",
        "order": 5,
        "id": 23,
        "prevSize": 32,
        "code": 59670
      },
      "setIdx": 0,
      "setId": 1,
      "iconIdx": 22
    },
    {
      "icon": {
        "paths": [
          "M817.57 348.15c-193.566-143.858-260.266-259.018-305.566-348.148v0c-0.004 0-0.004-0.002-0.004-0.002v0.002c-45.296 89.13-112 204.292-305.566 348.148-330.036 245.286-19.376 587.668 253.758 399.224-17.796 116.93-78.53 202.172-140.208 238.882v37.744h384.032v-37.74c-61.682-36.708-122.41-121.954-140.212-238.884 273.136 188.446 583.8-153.94 253.766-399.226z"
        ],
        "tags": [
          "spades",
          "cards",
          "poker"
        ],
        "defaultCode": 59671,
        "grid": 16,
        "attrs": []
      },
      "attrs": [],
      "properties": {
        "ligatures": "spades, cards",
        "name": "spades",
        "order": 6,
        "id": 24,
        "prevSize": 32,
        "code": 59671
      },
      "setIdx": 0,
      "setId": 1,
      "iconIdx": 23
    },
    {
      "icon": {
        "paths": [
          "M786.832 392.772c-59.032 0-112.086 24.596-149.852 64.694-15.996 16.984-43.762 37.112-73.8 54.81 14.11-53.868 58.676-121.7 89.628-151.456 39.64-38.17 63.984-91.83 63.984-151.5 0.006-114.894-91.476-208.096-204.788-209.32-113.32 1.222-204.796 94.426-204.796 209.318 0 59.672 24.344 113.33 63.986 151.5 30.954 29.756 75.52 97.588 89.628 151.456-30.042-17.7-57.806-37.826-73.8-54.81-37.768-40.098-90.82-64.694-149.85-64.694-114.386 0-207.080 93.664-207.080 209.328 0 115.638 92.692 209.338 207.080 209.338 59.042 0 112.082-25.356 149.85-65.452 16.804-17.872 46.444-40.138 78.292-58.632-3.002 147.692-73.532 256.168-145.318 298.906v37.742h384.014v-37.74c-71.792-42.736-142.32-151.216-145.32-298.906 31.852 18.494 61.488 40.768 78.292 58.632 37.766 40.094 90.808 65.452 149.852 65.452 114.386 0 207.078-93.7 207.078-209.338-0.002-115.664-92.692-209.328-207.080-209.328z"
        ],
        "tags": [
          "clubs",
          "cards",
          "poker"
        ],
        "defaultCode": 59672,
        "grid": 16,
        "attrs": []
      },
      "attrs": [],
      "properties": {
        "ligatures": "clubs, cards2",
        "name": "clubs",
        "order": 7,
        "id": 25,
        "prevSize": 32,
        "code": 59672
      },
      "setIdx": 0,
      "setId": 1,
      "iconIdx": 24
    },
    {
      "icon": {
        "paths": [
          "M512 0l-320 512 320 512 320-512z"
        ],
        "tags": [
          "diamonds",
          "cards",
          "poker"
        ],
        "defaultCode": 59673,
        "grid": 16,
        "attrs": []
      },
      "attrs": [],
      "properties": {
        "ligatures": "diamonds, cards3",
        "name": "diamonds",
        "order": 18,
        "id": 26,
        "prevSize": 32,
        "code": 59673
      },
      "setIdx": 0,
      "setId": 1,
      "iconIdx": 25
    },
    {
      "icon": {
        "paths": [
          "M1024 429.256c0-200.926-58.792-363.938-131.482-365.226 0.292-0.006 0.578-0.030 0.872-0.030h-82.942c0 0-194.8 146.336-475.23 203.754-8.56 45.292-14.030 99.274-14.030 161.502s5.466 116.208 14.030 161.5c280.428 57.418 475.23 203.756 475.23 203.756h82.942c-0.292 0-0.578-0.024-0.872-0.032 72.696-1.288 131.482-164.298 131.482-365.224zM864.824 739.252c-9.382 0-19.532-9.742-24.746-15.548-12.63-14.064-24.792-35.96-35.188-63.328-23.256-61.232-36.066-143.31-36.066-231.124 0-87.81 12.81-169.89 36.066-231.122 10.394-27.368 22.562-49.266 35.188-63.328 5.214-5.812 15.364-15.552 24.746-15.552 9.38 0 19.536 9.744 24.744 15.552 12.634 14.064 24.796 35.958 35.188 63.328 23.258 61.23 36.068 143.312 36.068 231.122 0 87.804-12.81 169.888-36.068 231.124-10.39 27.368-22.562 49.264-35.188 63.328-5.208 5.806-15.36 15.548-24.744 15.548zM251.812 429.256c0-51.95 3.81-102.43 11.052-149.094-47.372 6.554-88.942 10.324-140.34 10.324-67.058 0-67.058 0-67.058 0l-55.466 94.686v88.17l55.46 94.686c0 0 0 0 67.060 0 51.398 0 92.968 3.774 140.34 10.324-7.236-46.664-11.048-97.146-11.048-149.096zM368.15 642.172l-127.998-24.51 81.842 321.544c4.236 16.634 20.744 25.038 36.686 18.654l118.556-47.452c15.944-6.376 22.328-23.964 14.196-39.084l-123.282-229.152zM864.824 548.73c-3.618 0-7.528-3.754-9.538-5.992-4.87-5.42-9.556-13.86-13.562-24.408-8.962-23.6-13.9-55.234-13.9-89.078s4.938-65.478 13.9-89.078c4.006-10.548 8.696-18.988 13.562-24.408 2.010-2.24 5.92-5.994 9.538-5.994 3.616 0 7.53 3.756 9.538 5.994 4.87 5.42 9.556 13.858 13.56 24.408 8.964 23.598 13.902 55.234 13.902 89.078 0 33.842-4.938 65.478-13.902 89.078-4.004 10.548-8.696 18.988-13.56 24.408-2.008 2.238-5.92 5.992-9.538 5.992z"
        ],
        "tags": [
          "bullhorn",
          "megaphone",
          "announcement",
          "advertisement",
          "news"
        ],
        "defaultCode": 59674,
        "grid": 16,
        "attrs": []
      },
      "attrs": [],
      "properties": {
        "ligatures": "bullhorn, megaphone",
        "name": "bullhorn",
        "order": 8,
        "id": 27,
        "prevSize": 32,
        "code": 59674
      },
      "setIdx": 0,
      "setId": 1,
      "iconIdx": 26
    },
    {
      "icon": {
        "width": 1280,
        "paths": [
          "M640 576c105.87 0 201.87 43.066 271.402 112.598l-90.468 90.468c-46.354-46.356-110.356-75.066-180.934-75.066s-134.578 28.71-180.934 75.066l-90.468-90.468c69.532-69.532 165.532-112.598 271.402-112.598zM187.452 507.452c120.88-120.88 281.598-187.452 452.548-187.452s331.668 66.572 452.55 187.452l-90.51 90.508c-96.706-96.704-225.28-149.96-362.040-149.96-136.762 0-265.334 53.256-362.038 149.962l-90.51-90.51zM988.784 134.438c106.702 45.132 202.516 109.728 284.782 191.996v0l-90.508 90.508c-145.056-145.056-337.92-224.942-543.058-224.942-205.14 0-398 79.886-543.058 224.942l-90.51-90.51c82.268-82.266 178.082-146.862 284.784-191.994 110.504-46.738 227.852-70.438 348.784-70.438s238.278 23.7 348.784 70.438zM576 896c0-35.346 28.654-64 64-64s64 28.654 64 64c0 35.346-28.654 64-64 64s-64-28.654-64-64z"
        ],
        "tags": [
          "connection",
          "wifi",
          "wave"
        ],
        "defaultCode": 59675,
        "grid": 16,
        "attrs": []
      },
      "attrs": [],
      "properties": {
        "ligatures": "connection, wifi",
        "name": "connection",
        "order": 9,
        "id": 28,
        "prevSize": 32,
        "code": 59675
      },
      "setIdx": 0,
      "setId": 1,
      "iconIdx": 27
    }
  ],
  "height": 1024,
  "metadata": {
    "name": "icomoon"
  },
  "preferences": {
    "showGlyphs": true,
    "showQuickUse": true,
    "showQuickUse2": true,
    "showSVGs": true,
    "fontPref": {
      "prefix": "icon-",
      "metadata": {
        "fontFamily": "icomoon"
      },
      "metrics": {
        "emSize": 1024,
        "baseline": 6.25,
        "whitespace": 50
      },
      "embed": false
    },
    "imagePref": {
      "prefix": "icon-",
      "png": true,
      "useClassSelector": true,
      "color": 0,
      "bgColor": 16777215,
      "classSelector": ".icon"
    },
    "historySize": 50,
    "showCodes": true,
    "gridSize": 16
  }
}